Characterization of polyhormonal insulin-producing cells derived in vitro from human embryonic stem cells.	pancreas,endoderm	Human	24257076
Small Molecules Facilitate the Reprogramming of Mouse Fibroblasts into Pancreatic Lineages	pancreas,endoderm	Mouse	PMC4747235
Directing human embryonic stem cell differentiation towards a renal lineage generates a self-organizing kidney.	kidney,mesoderm	Human	24335651
Efficient and Rapid Induction of Human iPSCs/ESCs into Nephrogenic Intermediate Mesoderm Using Small Molecule-Based Differentiation Methods	kidney,mesoderm	Human	PMC3893162
Redefining the in vivo origin of metanephric nephron progenitors enables generation of complex kidney structures from pluripotent stem cells.	kidney,mesoderm	Human	24332837
Generation of folliculogenic human epithelial stem cells from induced pluripotent stem cells	epidermis,ectoderm	Human	PMC4049184
Small-Molecule Induction Promotes Corneal Epithelial Cell Differentiation from Human Induced Pluripotent Stem Cells	cornea,ectoderm	Human	PMC3923224
Keratinocyte growth factor and dexamethasone plus elevated cAMP levels synergistically support pluripotent stem cell differentiation into alveolar epithelial type II cells.	lung,endoderm	Mouse	23176317
Human amniotic fluid stem cell differentiation along smooth muscle lineage	muscle,mesoderm	Human	PMC6188351
Human dental pulp stem cells can differentiate into Schwann cells and promote and guide neurite outgrowth in an aligned tissue-engineered collagen construct in vitro	schwann,neuron,ectoderm	Human	PMC4046066
Improved cell therapy protocol for Parkinson’s disease based on differentiation efficiency and safety of hESC-, hiPSC and non-human primate iPSC-derived DA neurons	dopaminergic,neuron,ectoderm	Human	PMC3775937
Distinct metabolic flow enables large-scale purification of mouse and human pluripotent stem cell-derived cardiomyocytes.	heart,mesoderm	Human	23168164
Serum-free differentiation of functional human coronary-like vascular smooth muscle cells from embryonic stem cells.	muscle,mesoderm	Human	23213107
Human hair follicle stem cell differentiation into contractile smooth muscle cells is induced by transforming growth factor-β1 and platelet-derived growth factor BB.	muscle,mesoderm	Human	24084832
Human embryonic stem cells differentiate into functional renal proximal tubular-like cells.	kidney,mesoderm	Human	23389418
Transplantation of islet-like cell clusters derived from human dental pulp stem cells restores normoglycemia in diabetic mice.	pancreas,endoderm	Human	23845187
New methods for inducing the differentiation of amniotic-derived mesenchymal stem cells into motor neuron precursor cells.	motor,neuron,ectoderm	Human	23806299
Differentiation of epidermal keratinocytes from human embryonic stem cells.	epidermis,ectoderm	Human	24281868
Evaluation of islets derived from human fetal pancreatic progenitor cells in diabetes treatment	pancreas,endoderm	Human	PMC4055010
Monitoring and robust induction of nephrogenic intermediate mesoderm from human pluripotent stem cells	kidney,mesoderm	Human	PMC4447148
Ectopic Ptf1a expression in murine ESCs potentiates endocrine differentiation and models pancreas development in vitro	pancreas,endoderm	Mouse	PMC4283475
Production of hepatocyte like cells from human pluripotent stem cells	liver,endoderm	Human	PMC3673228
Systemic administration of valproic acid and zonisamide promotes differentiation of induced pluripotent stem cell–derived dopaminergic neurons	dopaminergic,neuron,ectoderm	Mouse	PMC3573719
Generation of Corneal Keratocytes from Human Embryonic Stem Cells	cornea,neuron,ectoderm	Human	PMC5334125
Establishment of isolation and expansion protocols for human cardiac C-kit-positive progenitor cells for stem cell therapy.	heart,mesoderm	Human	23375332
Robust cardiomyocyte differentiation from human pluripotent stem cells via temporal modulation of canonical Wnt signaling	heart,mesoderm	Human	PMC3390875
Directed cardiomyocyte differentiation from human pluripotent stem cells by modulating Wnt/β-catenin signaling under fully defined conditions	heart,mesoderm	Human	PMC3612968
Engineering bone tissue substitutes from human induced pluripotent stem cells	osteoblast,mesoderm	Human	PMC3666730
Engineering bone tissue from human embryonic stem cells	osteoblast,mesoderm	Human	PMC3365157
Directed differentiation of human pluripotent cells to ureteric bud kidney progenitor-like cells.	kidney,mesoderm	Human	24240476
Rapid and Efficient Differentiation of Human Pluripotent Stem Cells into Intermediate Mesoderm That Forms Tubules Expressing Kidney Proximal Tubular Markers	kidney,mesoderm	Human	PMC4033376
Enhanced dopamine release by mesenchymal stem cells reprogrammed neuronally by the modulators of SMAD signaling, chromatin modifying enzymes, and cyclic adenosine monophosphate levels.	dopaminergic,neuron,ectoderm	Human	24001408
Human iPSC-derived oligodendrocyte progenitors can myelinate and rescue a mouse model of congenital hypomyelination	astrocyte,oligodendrocyte,neuron,ectoderm	Human	PMC3700553
Derivation and maturation of synthetic and contractile vascular smooth muscle cells from human pluripotent stem cells	muscle,mesoderm	Human	PMC3543989
Differentiation of Mouse Induced Pluripotent Stem Cells (iPSCs) into Nucleus Pulposus-Like Cells In Vitro	cartilage,mesoderm	Mouse	PMC3783442
Accelerated High-Yield Generation of Limb-Innervating Motor Neurons from Human Stem Cells	motor,neuron,ectoderm	Human	PMC3711539
Functional vascular smooth muscle cells derived from human induced pluripotent stem cells via mesenchymal stem cell intermediates	muscle,mesoderm	Human	PMC3584971
Stepwise renal lineage differentiation of mouse embryonic stem cells tracing in vivo development.	kidney,mesoderm	Mouse	22209845
Directed differentiation of embryonic stem cells allows exploration of novel transcription factor genes for pancreas development.	pancreas,endoderm	Mouse	22278131
Collagen I scaffolds cross-linked with beta-glycerol phosphate induce osteogenic differentiation of embryonic stem cells in vitro and regulate their tumorigenic potential in vivo.	osteoblast,mesoderm	Mouse	22166057
Oocyte formation by mitotically-active germ cells purified from ovaries of reproductive age women	reproductive,mesoderm	Human	PMC3296965
A human embryonic stem cell-derived clonal progenitor cell line with chondrogenic potential and markers of craniofacial mesenchyme.	osteoblast,cartilage,mesoderm	Human	22519755
Self-formation of optic cups and storable stratified neural retina from human ESCs.	retina,ectoderm	Human	22704518
Maturation of Human Embryonic Stem Cell–Derived Pancreatic Progenitors Into Functional Islets Capable of Treating Pre-existing Diabetes in Mice	pancreas,endoderm	Human	PMC3402300
Retinoic acid enhances skeletal myogenesis in human embryonic stem cells by expanding the premyogenic progenitor population.	muscle,mesoderm	Human	21735106
Mouse embryonic stem cell culture for generation of three-dimensional retinal and cortical tissues.	retina,ectoderm	Mouse	22179593
Generation of retinal pigment epithelial cells from human embryonic stem cell-derived spherical neural masses.	retina,ectoderm	Human	22683799
Self-renewal of embryonic-stem-cell-derived progenitors by organ-matched mesenchyme	pancreas,endoderm	Mouse	PMC6005657
Dopaminergic Neurons from Midbrain-Specified Human Embryonic Stem Cell-Derived Neural Stem Cells Engrafted in a Monkey Model of Parkinson’s Disease	dopaminergic,neuron,ectoderm	Human	PMC3398927
Adherent Self-Renewable Human Embryonic Stem Cell-Derived Neural Stem Cell Line: Functional Engraftment in Experimental Stroke Model	neuron,ectoderm	Human	PMC2238795
Human ES- and iPS-Derived Myogenic Progenitors Restore Dystrophin and Improve Contractility upon Transplantation in Dystrophic Mice	muscle,mesoderm	Human	PMC3348507
Generation of human vascular smooth muscle subtypes provides insight into embryological origin-dependent disease susceptibility	muscle,mesoderm	Human	PMC3272383
In vitro generation of megakaryocytes and platelets from human embryonic stem cells and induced pluripotent stem cells.	blood,mesoderm	Human	22130710
Human Embryonic Stem Cell-Derived GABA Neurons Correct Locomotion Deficits in Quinolinic Acid-Lesioned Mice	neuron,ectoderm	Human	PMC3322292
Activin and BMP4 synergistically promote formation of definitive endoderm in human embryonic stem cells.	pancreas,endoderm	Human	22893457
Generation of Corneal Epithelial Cells from Induced Pluripotent Stem Cells Derived from Human Dermal Fibroblast and Corneal Limbal Epithelium	cornea,ectoderm	Human	PMC3454439
BMP4 Sufficiency to Induce Choroid Plexus Epithelial Fate from Embryonic Stem Cell-Derived Neuroepithelial Progenitors	neuron,ectoderm	Mouse	PMC3505486
Fetal Mesenchymal Stromal Cells Differentiating towards Chondrocytes Acquire a Gene Expression Profile Resembling Human Growth Plate Cartilage	osteoblast,cartilage,mesoderm	Human	PMC3489884
Myocardial improvement with human embryonic stem cell-derived cardiomyocytes enriched by p38MAPK inhibition	heart,mesoderm	Human	PMC3270940
Programming human pluripotent stem cells into white and brown adipocytes	adipose,mesoderm	Human	PMC3385947
Identification of embryonic stem cell–derived midbrain dopaminergic neurons for engraftment	dopaminergic,neuron,ectoderm	Mouse	PMC3408729
Self-Renewing Endodermal Progenitor Lines Generated from Human Pluripotent Stem Cells	endoderm	Human	PMC3580854
Novel developmental biology-based protocol of embryonic stem cell differentiation to morphologically sound and functional yet immature hepatocytes.	liver,endoderm	Human	22292891
Extracellular Matrix Promotes Highly Efficient Cardiac Differentiation of Human Pluripotent Stem Cells: The Matrix Sandwich Method	heart,mesoderm	Human	PMC3482164
Efficient derivation of purified lung and thyroid progenitors from embryonic stem cells	thyroid,lung,endoderm	Mouse	PMC3322392
Production of functional classical brown adipocytes from human pluripotent stem cells using specific hemopoietin cocktail without gene transfer.	adipose,mesoderm	Human	22958922
Directed differentiation of human pluripotent stem cells into mature airway epithelia expressing functional CFTR protein	lung,endoderm	Human	PMC3994104
Direct conversion of mouse fibroblasts to self-renewing, tripotent neural precursor cells	neuron,ectoderm	Mouse	PMC3289376
Efficient stage-specific differentiation of human pluripotent stem cells toward retinal photoreceptor cells.	retina,ectoderm	Human	22267304
A small molecule that promotes cardiac differentiation of human pluripotent stem cells under defined, cytokine- and xeno-free conditions.	heart,mesoderm	Human	23103164
Human Blood-Brain Barrier Endothelial Cells Derived from Pluripotent Stem Cells	neuron,ectoderm	Human	PMC3467331
Apelin Enhances Directed Cardiac Differentiation of Mouse and Human Embryonic Stem Cells	heart,mesoderm	Mouse	PMC3365885
The stromal factors SDF1α, sFRP1 and VEGFD induce dopaminergic neuron differentiation of human pluripotent stem cells	dopaminergic,neuron,ectoderm	Human	PMC3350575
A Scalable System for Production of Functional Pancreatic Progenitors from Human Embryonic Stem Cells	pancreas,endoderm	Human	PMC3356395
Reconstitution of the mouse germ cell specification pathway in culture by pluripotent stem cells.	reproductive,mesoderm	Mouse	21820164
Neural progenitors generated from the mesenchymal stem cells of first-trimester human placenta matured in the hypoxic-ischemic rat brain and mediated restoration of locomotor activity.	neuron,ectoderm	Human	21300404
Hybrid Gel Composed of Native Heart Matrix and Collagen Induces Cardiac Differentiation of Human Embryonic Stem Cells without Supplemental Growth Factors	heart,mesoderm	Human	PMC3196310
Robust Generation of Hepatocyte-like Cells from Human Embryonic Stem Cell Populations	liver,endoderm	Human	PMC3227213
Rapid and robust generation of functional oligodendrocyte progenitor cells from epiblast stem cells	oligodendrocyte,neuron,ectoderm	Mouse	PMC3400969
Rapid and Efficient Generation of Functional Motor Neurons From Human Pluripotent Stem Cells Using Gene Delivered Transcription Factor Codes	motor,neuron,ectoderm	Human	PMC3188742
Floor plate-derived dopamine neurons from hESCs efficiently engraft in animal models of PD	dopaminergic,neuron,ectoderm	Human	PMC3245796
A Defined, Feeder-Free, Serum-Free System to Generate In Vitro Hematopoietic Progenitors and Differentiated Blood Cells from hESCs and hiPSCs	blood,mesoderm	Human	PMC3060827
Endothelial Cells from Embryonic Stem Cells in a Chemically Defined Medium	endothelium,mesoderm	Mouse	PMC3225059
Human induced pluripotent stem cells derived from fetal neural stem cells successfully undergo directed differentiation into cartilage.	osteoblast,cartilage,mesoderm	Human	20846027
One-step generation of murine embryonic stem cell-derived mesoderm progenitors and chondrocytes in a serum-free monolayer differentiation system.	cartilage,mesoderm	Mouse	20920900
Wnt signaling and a Smad pathway blockade direct the differentiation of human pluripotent stem cells to multipotent neural crest cells	neuron,ectoderm	Human	PMC3228464
Specification of Transplantable Astroglial Subtypes from Human Pluripotent Stem Cells	astrocyte,neuron,ectoderm	Human	PMC3111840
Conversion of Mouse and Human Fibroblasts into Functional Spinal Motor Neurons	motor,neuron,ectoderm	Mouse	PMC3188987
Direct conversion of mouse fibroblasts to hepatocyte-like cells by defined factors.	liver,endoderm	Mouse	21716291
Induction of human neuronal cells by defined transcription factors	neuron,ectoderm	Human	PMC3159048
Identification and Characterization of a Novel Multipotent Sub-Population of Sca-1+ Cardiac Progenitor Cells for Myocardial Regeneration	heart,mesoderm	Mouse	PMC3182214
Human germ cell differentiation from fetal- and adult-derived induced pluripotent stem cells	reproductive,mesoderm	Human	PMC3024045
ES cell-derived renewable and functional midbrain dopaminergic progenitors	dopaminergic,neuron,ectoderm	Mouse	PMC3111266
Efficient and Scalable Purification of Cardiomyocytes from Human Embryonic and Induced Pluripotent Stem Cells by VCAM1 Surface Expression	heart,mesoderm	Human	PMC3158088
Chondrogenic Differentiation of Human Bone Marrow-Derived Mesenchymal Stem Cells in Self-Gelling Alginate Discs Reveals Novel Chondrogenic Signature Gene Clusters	osteoblast,cartilage,mesoderm	Human	PMC3063696
Small molecule inhibitors of the Wnt pathway potently promote cardiomyocytes from human embryonic stem cell derived mesoderm	heart,mesoderm	Human	PMC3327303
SIRPA is a specific cell-surface marker for isolating cardiomyocytes derived from human pluripotent stem cells	heart,mesoderm	Human	PMC4949030
Schwann cells differentiated from spheroid-forming cells of rat subcutaneous fat tissue myelinate axons in the spinal cord injury.	schwann,neuron,ectoderm	Mouse	20083105
Histological and Functional Benefit Following Transplantation of Motor Neuron Progenitors to the Injured Rat Spinal Cord	motor,neuron,ectoderm	Human	PMC2912300
Isolation, differentiation and characterization of vascular cells derived from human embryonic stem cells	muscle,endothelium,mesoderm	Human	PMC4059065
Molecular signature of primary retinal pigment epithelium and stem-cell-derived RPE cells	retina,ectoderm	Human	PMC3115666
Production and isolation of NG2+ oligodendrocyte precursors from human embryonic stem cells in defined serum-free medium.	oligodendrocyte,neuron,ectoderm	Human	20538536
A distinct microRNA signature for definitive endoderm derived from human embryonic stem cells.	endoderm	Human	19807270
Highly Efficient Generation of Human Hepatocyte–like Cells from Induced Pluripotent Stem Cells	liver,endoderm	Human	PMC2946078
Human embryonic stem cells: a source of mast cells for the study of allergic and inflammatory diseases	blood,mesoderm	Human	PMC2865868
Efficient derivation of functional floor plate tissue from human embryonic stem cells	neuron,ectoderm	Human	PMC4336800
Human Embryonic Stem Cell Derived Vascular Progenitor Cells Capable of Endothelial and Smooth Muscle Cell Function	muscle,endothelium,mesoderm	Human	PMC2838385
VEGF induces differentiation of functional endothelium from human embryonic stem cells: implications for tissue engineering	endothelium,mesoderm	Human	PMC2814336
Stem Cells from Human-Exfoliated Deciduous Teeth Can Differentiate into Dopaminergic Neuron-Like Cells	dopaminergic,neuron,ectoderm	Human	PMC3073455
Repair of full-thickness tendon injury using connective tissue progenitors efficiently derived from human embryonic stem cells and fetal tissues.	muscle,mesoderm	Human	20486794
Efficient Generation of Functional Dopaminergic Neurons from Human Induced Pluripotent Stem Cells Under Defined Conditions	dopaminergic,neuron,ectoderm	Human	PMC2996088
Generation of functional hepatocytes from human embryonic stem cells under chemically defined conditions that recapitulate liver development.	liver,endoderm	Human	20301097
Direct conversion of fibroblasts to functional neurons by defined factors	neuron,ectoderm	Mouse	PMC2829121
Direct conversion of human fibroblasts to multilineage blood progenitors.	blood,mesoderm	Human	21057492
Directed differentiation of human embryonic stem cells toward chondrocytes.	osteoblast,cartilage,mesoderm	Human	20967028
Differentiation of human ES and Parkinson’s disease iPS cells into ventral midbrain dopaminergic neurons requires a high activity form of SHH, FGF8a and specific regionalization by retinoic acid	dopaminergic,neuron,ectoderm	Human	PMC2945816
Derivation of neural crest cells from human pluripotent stem cells.	neuron,ectoderm	Human	20360764
Subfractionation of Differentiating Human Embryonic Stem Cell Populations Allows the Isolation of a Mesodermal Population Enriched for Intermediate Mesoderm and Putative Renal Progenitors	kidney,mesoderm	Human	PMC3143417
Expansion and maintenance of human embryonic stem cell–derived endothelial cells by TGFβ inhibition is Id1 dependent	endothelium,mesoderm	Human	PMC2931334
Guided Cardiopoiesis Enhances Therapeutic Benefit of Bone Marrow Human Mesenchymal Stem Cells in Chronic Myocardial Infarction	heart,mesoderm	Human	PMC2932958
Functional and Transcriptional Characterization of Human Embryonic Stem Cell-Derived Endothelial Cells for Treatment of Myocardial Infarction	endothelium,mesoderm	Human	PMC2795856
Highly Efficient Differentiation and Enrichment of Spinal Motor Neurons Derived from Human and Monkey Embryonic Stem Cells	motor,neuron,ectoderm	Human	PMC2726947
Wnt3a-induced mesoderm formation and cardiomyogenesis in human embryonic stem cells.	heart,mesoderm	Human	19544447
Induction of mesenchymal/epithelial marker expression in human amniotic fluid stem cells.	kidney,mesoderm	Human	20031026
Bidirectional induction toward paraxial mesodermal derivatives from mouse ES cells in chemically defined medium.	muscle,mesoderm	Mouse	19726261
Stepwise differentiation of pluripotent stem cells into retinal cells.	retina,ectoderm	Human	19444239
Modeling early retinal development with human embryonic and induced pluripotent stem cells	retina,ectoderm	Human	PMC2757802
Differentiation of human oligodendrocytes from pluripotent stem cells	motor,oligodendrocyte,neuron,ectoderm	Human	PMC2789118
Differentiation of spinal motor neurons from pluripotent human stem cells	motor,neuron,ectoderm	Human	PMC2789120
Long-term safety and function of RPE from human embryonic stem cells in preclinical models of macular degeneration.	retina,ectoderm	Human	19521979
Induction of adult human bone marrow mesenchymal stromal cells into functional astrocyte-like cells: potential for restorative treatment in Parkinson's disease.	astrocyte,neuron,ectoderm	Human	19127447
Directed differentiation of human embryonic stem cells into functional retinal pigment epithelium cells.	retina,ectoderm	Human	19796620
Human multipotent adipose-derived stem cells differentiate into functional brown adipocytes.	adipose,mesoderm	Human	19697348
A Novel Combination of Factors, Termed SPIE, which Promotes Dopaminergic Neuron Differentiation from Human Embryonic Stem Cells	dopaminergic,neuron,ectoderm	Human	PMC2719871
Human cardiomyocyte progenitor cells differentiate into functional mature cardiomyocytes: an in vitro model for studying human cardiac physiology and pathophysiology.	heart,mesoderm	Human	19197267
Motoneuron Transplantation Rescues the Phenotype of SMARD1 (Spinal Muscular Atrophy with Respiratory Distress Type 1)	motor,neuron,ectoderm	Mouse	PMC6666655
Stepwise differentiation of human embryonic stem cells promotes tendon regeneration by secreting fetal tendon matrix and differentiation factors.	muscle,mesoderm	Human	19489094
Derivation of Primordial germ cells from Human Embryonic and Induced Pluripotent Stem Cells is significantly improved by co-culture with human fetal gonadal cells	reproductive,mesoderm	Human	PMC4357362
In vitro post-meiotic germ cell development from human embryonic stem cells.	reproductive,mesoderm	Human	19770126
A small molecule that directs differentiation of human ESCs into the pancreatic lineage.	pancreas,endoderm	Human	19287398
Generation of lung epithelial-like tissue from human embryonic stem cells	lung,endoderm	Human	PMC2777141
Human embryonic stem-cell derivatives for full reconstruction of the pluristratified epidermis: a preclinical study.	epidermis,ectoderm	Human	19932355
Human embryonic stem cells differentiate into a homogeneous population of natural killer cells with potent in vivo antitumor activity	blood,mesoderm	Human	PMC2699231
Generation of immunogenic dendritic cells from human embryonic stem cells without serum and feeder cells.	blood,mesoderm	Human	19580370
Highly efficient differentiation of human ES cells and iPS cells into mature pancreatic insulin-producing cells.	pancreas,endoderm	Human	19255591
Coculture of human embryonic stem cells and human articular chondrocytes results in significantly altered phenotype and improved chondrogenic differentiation.	cartilage,mesoderm	Human	19544424
Induction of chondrogenesis from human embryonic stem cells without embryoid body formation by bone morphogenetic protein 7 and transforming growth factor beta1.	cartilage,mesoderm	Human	19950276
Small molecules efficiently direct endodermal differentiation of mouse and human embryonic stem cells	pancreas,endoderm	Mouse	PMC4564293
Transcriptional and Functional Profiling of Human Embryonic Stem Cell-Derived Cardiomyocytes	heart,mesoderm	Human	PMC2565131
Efficient derivation of functional dopaminergic neurons from human embryonic stem cells on a large scale.	dopaminergic,neuron,ectoderm	Human	19008875
PA6-induced human embryonic stem cell-derived neurospheres: a new source of human peripheral sensory neurons and neural crest cells.	schwann,neuron,ectoderm	Human	18671952
Toward the generation of rod and cone photoreceptors from mouse, monkey and human embryonic stem cells.	retina,ectoderm	Mouse	18246062
Human embryonic stem cell-derived motor neurons are sensitive to the toxic effect of glial cells carrying an ALS-causing mutation.	motor,neuron,ectoderm	Human	19041780
Induced pluripotent stem cells generated from patients with ALS can be differentiated into motor neurons.	motor,neuron,ectoderm	Human	18669821
Differentiation of Human Embryonic Stem Cells to Regional Specific Neural Precursors in Chemically Defined Medium Conditions	motor,neuron,ectoderm	Human	PMC2346555
Retinoic acid and bone morphogenetic protein signaling synergize to efficiently direct epithelial differentiation of human embryonic stem cells.	epidermis,ectoderm	Human	17962700
Endochondral bone tissue engineering using embryonic stem cells	cartilage,mesoderm	Mouse	PMC2374550
Biologic properties and enucleation of red blood cells from human embryonic stem cells	blood,mesoderm	Human	PMC2597123
Pax3 activation promotes the differentiation of mesenchymal stem cells toward the myogenic lineage.	muscle,mesoderm	Mouse	18395202
Generation of insulin-producing islet-like clusters from human embryonic stem cells.	pancreas,endoderm	Human	17510217
Adipose-derived stem cells differentiate into a Schwann cell phenotype and promote neurite outgrowth in vitro.	schwann,neuron,ectoderm	Mouse	17761164
Regenerative potential of embryonic renal multipotent progenitors in acute renal failure.	kidney,mesoderm	Human	17978305
Biological characteristics of human placental mesenchymal stem cells and their proliferative response to various cytokines.	liver,endoderm	Human	17630477
Derivation of engraftable skeletal myoblasts from human embryonic stem cells.	muscle,mesoderm	Human	17417652
Directed differentiation and transplantation of human embryonic stem cell-derived motoneurons.	motor,neuron,ectoderm	Human	17478583
Endothelial cells derived from human embryonic stem cells form durable blood vessels in vivo.	blood,endothelium,mesoderm	Human	17322871
Tissue engineering with chondrogenically differentiated human embryonic stem cells.	cartilage,mesoderm	Human	17540854
Differentiation of human embryonic stem cells into corneal epithelial-like cells by in vitro replication of the corneal epithelial stem cell niche.	cornea,ectoderm	Human	17255521
Differentiation of mouse embryonic stem cells and of human adult stem cells into adipocytes.	adipose,mesoderm	Mouse	18228505
Treatment of sickle cell anemia mouse model with iPS cells generated from autologous skin.	blood,mesoderm	Mouse	18063756
In vitro derivation of functional insulin-producing cells from human embryonic stem cells.	pancreas,endoderm	Human	17426693
Skin-Derived Precursors Generate Myelinating Schwann Cells for the Injured and Dysmyelinated Nervous System	schwann,neuron,ectoderm	Mouse	PMC6674039
Transdifferentiation of mesenchymal stem cells into Schwann cell-like myelinating cells.	schwann,neuron,ectoderm	Mouse	16373171
Isolation and characterization of multipotent progenitor cells from the Bowman's capsule of adult human kidneys.	kidney,mesoderm	Human	16885410
New insights to vascular smooth muscle cell and pericyte differentiation of mouse embryonic stem cells in vitro.	muscle,mesoderm	Mouse	16627807
Efficient generation of retinal progenitor cells from human embryonic stem cells	retina,ectoderm	Human	PMC1568922
Production of pancreatic hormone-expressing endocrine cells from human embryonic stem cells.	pancreas,endoderm	Human	17053790
Directed differentiation of human pluripotent stem cells into intestinal tissue in vitro	endoderm	Human	PMC3033971
Enhancement of adipose tissue formation by implantation of adipogenic-differentiated preadipocytes.	adipose,mesoderm	Human	16690020
Cells differentiated from mouse embryonic stem cells via embryoid bodies express renal marker molecules.	kidney,mesoderm	Mouse	16533308
Derivation of distal airway epithelium from human embryonic stem cells.	lung,endoderm	Human	16674299
In vitro generation of germ cells from murine embryonic stem cells.	reproductive,mesoderm	Mouse	17487192
Isolation of Renal Progenitor Cells from Adult Human Kidney	kidney,mesoderm	Human	PMC1602314
Transplantation of a multipotent cell population from human adipose tissue induces dystrophin expression in the immunocompetent mdx mouse	adipose,mesoderm	Human	PMC2213197
Human Embryonic Stem Cell-Derived Oligodendrocyte Progenitor Cell Transplants Remyelinate and Restore Locomotion after Spinal Cord Injury	oligodendrocyte,neuron,ectoderm	Human	PMC6724772
Specific induction of neuronal cells from bone marrow stromal cells and application for autologous transplantation	neuron,ectoderm	Mouse	PMC420509
Development of definitive endoderm from embryonic stem cells in culture.	liver,endoderm,mesoderm	Mouse	14998924
Adipogenic differentiation of human adult stem cells from bone marrow stroma (MSCs).	adipose,mesoderm	Human	14969395
Correction of ADA-SCID by stem cell gene therapy combined with nonmyeloablative conditioning.	blood,mesoderm	Human	12089448
Directed differentiation of embryonic stem cells into motor neurons.	motor,neuron,ectoderm	Mouse	12176325
Human embryonic stem cells can differentiate into myocytes with structural and functional properties of cardiomyocytes	heart,mesoderm	Human	PMC209357
Compactin enhances osteogenesis in murine embryonic stem cells.	osteoblast,mesoderm	Mouse	11394905
Differentiation and expansion of endothelial cells from human bone marrow CD133(+) cells.	endothelium,mesoderm	Human	11722432
Chondrogenic differentiation of cultured human mesenchymal stem cells from marrow.	cartilage,mesoderm	Human	9916173
Human fetal liver stromal cell co-culture enhances the differentiation of pancreatic progenitor cells into islet-like cell clusters.	pancreas,endoderm	Human	24395006
A novel in vitro model system for smooth muscle differentiation from human embryonic stem cell-derived mesenchymal cells	muscle,mesoderm	Human	PMC3566539
Derivation of pre-oligodendrocytes from human endometrial stromal cells by using overexpression of microRNA 338.	oligodendrocyte,neuron,ectoderm	Human	23979835
Induced Pluripotent Stem Cell-Derived Cardiac Progenitors Differentiate to Cardiomyocytes and Form Biosynthetic Tissues	heart,mesoderm	Mouse	PMC3681781
FGF7 and cell density are required for final differentiation of pancreatic amylase-positive cells from human ES cells.	pancreas,endoderm	Human	23996199
Motoneuron Differentiation of Induced Pluripotent Stem Cells from SOD1G93A Mice	motor,neuron,ectoderm	Mouse	PMC3665598
Human induced pluripotent stem cells differentiated into chondrogenic lineage via generation of mesenchymal progenitor cells.	cartilage,mesoderm	Human	22817676
Derivation of functional ventricular cardiomyocytes using endogenous promoter sequence from murine embryonic stem cells	heart,mesoderm	Mouse	PMC3222859
Human serine protease HTRA1 positively regulates osteogenesis of human bone marrow-derived mesenchymal stem cells and mineralization of differentiating bone-forming cells through the modulation of extracellular matrix protein.	osteoblast,mesoderm	Human	22865667
Osteogenic Differentiation of Dental Follicle Stem Cells	osteoblast,mesoderm	Human	PMC3427952
hESC-Derived Cardiomyocytes Electrically Couple and Suppress Arrhythmias in Injured Hearts	heart,mesoderm	Mouse	PMC3443324
Small molecule-mediated TGFβ Type II receptor degradation promotes cardiomyogenesis in embryonic stem cells	heart,mesoderm	Mouse	PMC3419596
Comparison of Cardiomyogenic Potential among Human ESC and iPSC Lines	heart,mesoderm	Human	PMC3522765
Maturation of Spinal Motor Neurons Derived from Human Embryonic Stem Cells	motor,neuron,ectoderm	Human	PMC3388990
Functional Neuromuscular Junctions Formed by Embryonic Stem Cell-Derived Motor Neurons	motor,neuron,ectoderm	Mouse	PMC3344836
Concentration-Dependent Requirement for Local Protein Synthesis in Motor Neuron Subtype-Specific Response to Axon Guidance Cues	motor,neuron,ectoderm	Mouse	PMC3561907
Characterization of the phenotype and functionality of corneal epithelial cells derived from mouse embryonic stem cells.	cornea,ectoderm	Mouse	22397607
Chondrogenic differentiation in vitro of murine two-factor induced pluripotent stem cells is comparable to murine embryonic stem cells.	cartilage,mesoderm	Mouse	22797361
Notch1 signaling regulates chondrogenic lineage determination through Sox9 activation	cartilage,mesoderm	Mouse	PMC3278729
Chondrogenic differentiation of induced pluripotent stem cells from osteoarthritic chondrocytes in alginate matrix.	cartilage,mesoderm	Human	22241609
Induction of Cardiomyogenesis in Human Embryonic Stem Cells by Human Embryonic Stem Cell-Derived Definitive Endoderm	heart,mesoderm	Human	PMC3315759
Stage-specific optimization of activin/nodal and BMP signaling promotes cardiac differentiation of mouse and human pluripotent stem cell lines.	heart,mesoderm	Human	21295278
Embryonic stem cell derived motoneurons provide a highly sensitive cell culture model for botulinum neurotoxin studies, with implications for high-throughput drug discovery	motor,neuron,ectoderm	Mouse	PMC3081902
Direct differentiation of atrial and ventricular myocytes from human embryonic stem cells by alternating retinoid signals	heart,mesoderm	Human	PMC3203651
Inhibition of Sirt1 promotes neural progenitors toward motoneuron differentiation from human embryonic stem cells.	motor,neuron,ectoderm	Human	21144831
Differentiation of PDX1 gene-modified human umbilical cord mesenchymal stem cells into insulin-producing cells in vitro.	pancreas,endoderm	Human	21837359
Efficient generation and cryopreservation of cardiomyocytes derived from human embryonic stem cells	heart,mesoderm	Human	PMC3057133
Schwann‐like cell differentiation of rat adipose‐derived stem cells by indirect co‐culture with Schwann cells in vitro	schwann,neuron,ectoderm	Mouse	PMC6496385
Differentiation of neural stem cells into Schwann-like cells in vitro.	schwann,neuron,ectoderm	Mouse	20920478
FGF4 and Retinoic Acid Direct Differentiation of hESCs into PDX1-Expressing Foregut Endoderm in a Time- and Concentration-Dependent Manner	pancreas,endoderm	Human	PMC2651644
Wnt/beta-catenin signaling blockade promotes neuronal induction and dopaminergic differentiation in embryonic stem cells.	dopaminergic,neuron,ectoderm	Mouse	19725118
CXCR4+/FLK-1+ biomarkers select a cardiopoietic lineage from embryonic stem cells.	heart,mesoderm	Mouse	18369102
Induction of osteogenic markers in differentially treated cultures of embryonic stem cells	osteoblast,mesoderm	Mouse	PMC2443118
Enhanced cardiomyogenesis of human embryonic stem cells by a small molecular inhibitor of p38 MAPK.	heart,mesoderm	Human	18021257
Highly enriched cardiomyocytes from human embryonic stem cells.	heart,mesoderm	Human	18574770
Transplanted Mouse Embryonic Stem-Cell-Derived Motoneurons Form Functional Motor Units and Reduce Muscle Atrophy	motor,neuron,ectoderm	Mouse	PMC6671703
Generation of dopamine neurons from embryonic stem cells in the presence of the neuralizing activity of bone marrow stromal cells derived from adult mice.	dopaminergic,neuron,ectoderm	Mouse	18561325
Dopaminergic neurons derived from BG01V2, a variant of human embryonic stem cell line BG01	dopaminergic,neuron,ectoderm	Human	PMC2696893
Efficient differentiation of hESCs into endothelial cells in vitro is secured by epigenetic changes.	endothelium,mesoderm	Human	18814342
Directed Differentiation of Ventral Spinal Progenitors and Motor Neurons from Human Embryonic Stem Cells by Small Molecules	motor,neuron,ectoderm	Human	PMC2707816
Chemically defined medium supporting cardiomyocyte differentiation of human embryonic stem cells.	heart,mesoderm	Human	18557764
Dorsomorphin, a Selective Small Molecule Inhibitor of BMP Signaling, Promotes Cardiomyogenesis in Embryonic Stem Cells	heart,mesoderm	Mouse	PMC2483414
Notch inhibition promotes human embryonic stem cell-derived cardiac mesoderm differentiation.	heart,mesoderm	Human	18757302
Improved human embryonic stem cell embryoid body homogeneity and cardiomyocyte differentiation from a novel V-96 plate aggregation system highlights interline variability.	heart,mesoderm	Human	17185609
Heterogeneous population of dopaminergic neurons derived from mouse embryonic stem cells: preliminary phenotyping based on receptor expression and function.	dopaminergic,neuron,ectoderm	Mouse	17419751
Astrocytes expressing ALS-linked mutated SOD1 release factors selectively toxic to motor neurons	motor,neuron,ectoderm	Mouse	PMC3799799
Sox17 is essential for the specification of cardiac mesoderm in embryonic stem cells	heart,mesoderm	Mouse	PMC1820674
Enhanced differentiation of human embryonic stem cells into cardiomyocytes by combining hanging drop culture and 5-azacytidine treatment.	heart,mesoderm	Human	16683985
In vitro differentiation of embryonic stem cells into the pancreatic lineage.	pancreas,endoderm	Mouse	16846037
Induction dopamine releasing cells from mouse embryonic stem cells and their long-term culture.	dopaminergic,neuron,ectoderm	Mouse	16392122
Recovery from paralysis in adult rats using embryonic stem cells.	motor,neuron,ectoderm	Mouse	16802299
Generation of graftable dopaminergic neuron progenitors from mouse ES cells by a combination of coculture and neurosphere methods.	dopaminergic,neuron,ectoderm	Mouse	16493682
Derivation and characterization of neuronal precursors and dopaminergic neurons from human embryonic stem cells in vitro.	dopaminergic,neuron,ectoderm	Human	16881516
Cardiac bodies: a novel culture method for enrichment of cardiomyocytes derived from human embryonic stem cells.	heart,mesoderm	Human	17105398
Enhancer-specified GFP-based FACS purification of human spinal motor neurons from embryonic stem cells.	motor,neuron,ectoderm	Human	16198339
Increased cardiomyocyte differentiation from human embryonic stem cells in serum-free cultures.	heart,mesoderm	Human	15917473
Enhancement of oligodendrocyte differentiation from murine embryonic stem cells by an activator of gp130 signaling.	oligodendrocyte,neuron,ectoderm	Mouse	15153611
Axonal growth of embryonic stem cell-derived motoneurons in vitro and in motoneuron-injured adult rats	motor,neuron,ectoderm	Mouse	PMC406476
Functional Properties of Motoneurons Derived from Mouse Embryonic Stem Cells	motor,neuron,ectoderm	Mouse	PMC6729934
Differentiation of human embryonic stem cells to cardiomyocytes: role of coculture with visceral endoderm-like cells.	heart,mesoderm	Human	12742992
Human embryonic stem cells develop into multiple types of cardiac myocytes: action potential characterization.	heart,mesoderm	Human	12791707
Ascorbic acid enhances differentiation of embryonic stem cells into cardiac myocytes.	heart,mesoderm	Mouse	12668514
Characterization and enrichment of cardiomyocytes derived from human embryonic stem cells.	heart,mesoderm	Human	12242268
Induction of insulin-producing cells from human pancreatic progenitor cells.	pancreas,endoderm	Human	20692413
Activin, BMP and FGF pathways cooperate to promote endoderm and pancreatic lineage cell differentiation from human embryonic stem cells	pancreas,endoderm	Human	PMC3225072
Defining the conditions for the generation of melanocytes from human embryonic stem cells.	melanocyte,ectoderm	Human	16574754
